{
    "r2train_per_fold": [
        0,
        0,
        0,
        0,
        0,
        0,
        0,
        0,
        0,
        0
    ],
    "r2test_per_fold": [
        0.6556601409749669,
        0.6907515575113499,
        0.6165888186829929,
        0.7404494341490722,
        0.14906654075734782,
        0.5714070922252887,
        0.5847922256454977,
        0.41191510734937453,
        0.7343891999581746,
        0.6276763887489394
    ],
    "r2testadj_per_fold": [
        0.6405952721426218,
        0.6772219381524714,
        0.5998145795003739,
        0.7290940968930941,
        0.11183820191548188,
        0.5526561525101451,
        0.5666268855174883,
        0.38618639329590965,
        0.7227687274563448,
        0.6113872307567054
    ],
    "rmse_per_fold": [
        4795.968010127968,
        4830.942033292423,
        4543.948807423082,
        4143.835786425816,
        6535.9106961791995,
        5207.551736982989,
        5319.676135597023,
        4896.295257844674,
        3852.9248684603667,
        4596.425874371048
    ],
    "mae_per_fold": [
        3825.9583855371166,
        3892.343051315255,
        3601.4277985827925,
        3495.4079649515543,
        4984.754323417951,
        4126.963509147848,
        4321.558823095341,
        4038.5306064467254,
        3158.1634237608164,
        3834.914438345003
    ],
    "maep_per_fold": [
        6.5135038901653886,
        6.4311641122587915,
        5.533411260241235,
        6.015024334434045,
        7.892463421279332,
        6.810172328974725,
        6.886023024500116,
        6.286188006422387,
        5.3640964507725135,
        5.881605297126972
    ],
    "mape_per_fold": [
        7.193788689506462,
        6.493105820107729,
        5.656730650012911,
        6.457117811762012,
        7.4839606718711735,
        7.5494269671036225,
        6.567304195111514,
        6.50807270915603,
        5.810867383627961,
        5.6399843305007265
    ],
    "smape_per_fold": [
        6.793958392694349,
        6.452940144891575,
        5.634403772250561,
        6.259767701144285,
        7.863746497184102,
        7.123328491181849,
        6.789666673770244,
        6.313047751461596,
        5.595907354408572,
        5.8078734948949755
    ],
    "test_name": "plotResults",
    "name": [
        "kfold_0",
        "kfold_1",
        "kfold_2",
        "kfold_3",
        "kfold_4",
        "kfold_5",
        "kfold_6",
        "kfold_7",
        "kfold_8",
        "kfold_9"
    ],
    "model_name": [
        "SVR"
    ],
    "decomposition": "none",
    "nmodes": 6,
    "algorithm": "svr",
    "avg_r2train": 0.0,
    "std_r2train": 0.0,
    "avg_r2test": 0.5783,
    "std_r2test": 0.1689,
    "avg_r2testadj": 0.5598,
    "std_r2testadj": 0.1763,
    "avg_rmse": 4872.3479,
    "std_rmse": 695.8419,
    "avg_mae": 3928.0022,
    "std_mae": 472.2504,
    "avg_maep": 6.3614,
    "std_maep": 0.6989,
    "avg_mape": 6.536,
    "std_mape": 0.6686,
    "avg_smape": 6.4635,
    "std_smape": 0.6742,
    "model_params": {
        "C": 100,
        "cache_size": 200,
        "coef0": 1,
        "degree": 3,
        "epsilon": 0.2,
        "gamma": "auto",
        "kernel": "rbf",
        "max_iter": -1,
        "shrinking": false,
        "tol": 0.001,
        "verbose": false
    }
}