{
    "r2train_per_fold": [
        0.9802928067553456,
        0.9766713555660537,
        0.9750590371223452,
        0.9794451092526802,
        0.9755602978216898,
        0.9775583980667785,
        0.9754303165710735,
        0.973867866360723,
        0.9797457920922013,
        0.9761524935618336
    ],
    "r2test_per_fold": [
        0.6619706890411872,
        0.6890371605915642,
        0.6145748583114367,
        0.7456078694573098,
        0.1326713482345343,
        0.5816854075941136,
        0.5713590581317766,
        0.41669705230819476,
        0.7413267817818727,
        0.6164193426479339
    ],
    "r2testadj_per_fold": [
        0.6493733234153929,
        0.6774484833465293,
        0.6002111884348442,
        0.736127417387396,
        0.10034854133644255,
        0.5660960439019687,
        0.5553848615404142,
        0.3949590542575685,
        0.7316867860718804,
        0.6021244113180432
    ],
    "rmse_per_fold": [
        0.5345789308698676,
        0.5525465047984306,
        0.5283020387350371,
        0.4605812626977861,
        0.7610513456128801,
        0.5837680648693541,
        0.6197571107121724,
        0.5656342753498413,
        0.42906901569532774,
        0.5415173035503855
    ],
    "mae_per_fold": [
        0.4294497979738657,
        0.4449195016014261,
        0.41748566133209375,
        0.39156975163581914,
        0.5763853269516689,
        0.4663072276003679,
        0.5005331074853665,
        0.46809973514171704,
        0.35460827678577517,
        0.44835933609023726
    ],
    "maep_per_fold": [
        -109.27563179235578,
        -235.9891508581534,
        126.03530502009252,
        -84.38459224505452,
        537.0156515163069,
        -255.3279566163095,
        761.7784279915503,
        203.0202686837119,
        -93.2333258205085,
        129.77962829883708
    ],
    "mape_per_fold": [
        70.57279357465156,
        287.18114997707147,
        105.39280756854718,
        67.91025702998826,
        486.65946498065347,
        109.95994479538784,
        148.12055593542337,
        3105.473201923868,
        69.57905317729572,
        75.36761300053725
    ],
    "smape_per_fold": [
        70.03684888490163,
        79.47385939148758,
        84.70553181537383,
        80.02537785188095,
        109.28584243136467,
        87.3359341121275,
        97.92719803658007,
        104.25655419860138,
        72.71845658980986,
        80.78191369425343
    ],
    "test_name": "loadForecast",
    "name": [
        "DEMAND",
        "DEMAND",
        "DEMAND",
        "DEMAND",
        "DEMAND",
        "DEMAND",
        "DEMAND",
        "DEMAND",
        "DEMAND",
        "DEMAND"
    ],
    "model_name": [
        "SVR"
    ],
    "decomposition": "none",
    "nmodes": 6,
    "algorithm": "svr",
    "avg_r2train": 0.977,
    "std_r2train": 0.0021,
    "avg_r2test": 0.5771,
    "std_r2test": 0.1736,
    "avg_r2testadj": 0.5614,
    "std_r2testadj": 0.1801,
    "avg_rmse": 0.5577,
    "std_rmse": 0.0858,
    "avg_mae": 0.4498,
    "std_mae": 0.0576,
    "avg_maep": 97.9419,
    "std_maep": 315.4915,
    "avg_mape": 452.6217,
    "std_mape": 893.3008,
    "avg_smape": 86.6548,
    "std_smape": 12.4648,
    "model_params": {
        "C": 100,
        "cache_size": 200,
        "coef0": 1,
        "degree": 3,
        "epsilon": 0.2,
        "gamma": "auto",
        "kernel": "rbf",
        "max_iter": -1,
        "shrinking": false,
        "tol": 0.001,
        "verbose": false
    }
}