{
    "r2train_per_fold": [
        0,
        0,
        0,
        0,
        0,
        0,
        0,
        0,
        0,
        0
    ],
    "r2test_per_fold": [
        0.6549954289537558,
        0.6880943748483518,
        0.5825970898723216,
        0.773167808398643,
        0.1263110912875265,
        0.6208043881904977,
        0.608664042946401,
        0.45120235948135734,
        0.7672793335878474,
        0.6723659303513658
    ],
    "r2testadj_per_fold": [
        0.6399014789704827,
        0.6744485037479672,
        0.5643357125542356,
        0.7632439000160836,
        0.08808720153135585,
        0.6042145801738319,
        0.591543094825306,
        0.42719246270866673,
        0.7570978044323157,
        0.658031939804238
    ],
    "rmse_per_fold": [
        4800.594835188219,
        4851.652305394535,
        4741.096328175108,
        3873.859729617262,
        6622.7249774101,
        4898.270386686332,
        5164.48870205844,
        4729.91901827482,
        3606.4934797795777,
        4311.759210727542
    ],
    "mae_per_fold": [
        3771.966192599508,
        3831.009214892297,
        3692.297214623189,
        3139.184760131021,
        5146.834132993715,
        3899.088577556979,
        4150.403365101968,
        3812.7172161019325,
        2872.7664789823752,
        3634.6983633329814
    ],
    "maep_per_fold": [
        6.421584866668664,
        6.329824645909034,
        5.6730275119199,
        5.402022571272106,
        8.14908769710272,
        6.4341410046978655,
        6.613301890123179,
        5.934697436112224,
        4.879353727508266,
        5.574534058304528
    ],
    "mape_per_fold": [
        6.957410163699874,
        6.432458459254874,
        5.7811760711241025,
        5.792861998985412,
        7.819058984991944,
        7.085939774830121,
        6.316488412491574,
        6.128283955243422,
        5.294401834646855,
        5.372329749576055
    ],
    "smape_per_fold": [
        6.623819099496398,
        6.36723378203955,
        5.75574094193292,
        5.6424159296233345,
        8.147701068809102,
        6.726912356462579,
        6.519968166217708,
        5.9530998988116925,
        5.104362800084891,
        5.520944597682352
    ],
    "test_name": "plotResults",
    "name": [
        "kfold_0",
        "kfold_1",
        "kfold_2",
        "kfold_3",
        "kfold_4",
        "kfold_5",
        "kfold_6",
        "kfold_7",
        "kfold_8",
        "kfold_9"
    ],
    "model_name": [
        "SVR"
    ],
    "decomposition": "none",
    "nmodes": 6,
    "algorithm": "svr",
    "avg_r2train": 0.0,
    "std_r2train": 0.0,
    "avg_r2test": 0.5945,
    "std_r2test": 0.1792,
    "avg_r2testadj": 0.5768,
    "std_r2testadj": 0.187,
    "avg_rmse": 4760.0859,
    "std_rmse": 773.3386,
    "avg_mae": 3795.0966,
    "std_mae": 573.0266,
    "avg_maep": 6.1412,
    "std_maep": 0.8471,
    "avg_mape": 6.298,
    "std_mape": 0.7618,
    "avg_smape": 6.2362,
    "std_smape": 0.8123,
    "model_params": {
        "C": 100,
        "cache_size": 200,
        "coef0": 1,
        "degree": 3,
        "epsilon": 0.05,
        "gamma": "auto",
        "kernel": "rbf",
        "max_iter": -1,
        "shrinking": false,
        "tol": 0.001,
        "verbose": false
    }
}