{
    "r2train_per_fold": [
        0.9942633854775426,
        0.9932297023576804,
        0.9929563738327633,
        0.9939198004178819,
        0.9929184291758625,
        0.9935991528997306,
        0.9928204220989435,
        0.9927502543638235,
        0.9941541164404738,
        0.9928041803336352
    ],
    "r2test_per_fold": [
        0.6771309820753515,
        0.6966189493970798,
        0.6027282687932503,
        0.766389229086131,
        0.14173066909788512,
        0.6175088878548705,
        0.6066842560160058,
        0.4484019827396877,
        0.7771503921486362,
        0.655013079400969
    ],
    "r2testadj_per_fold": [
        0.6650985963141844,
        0.6853128232876542,
        0.5879231111085267,
        0.7576832376235024,
        0.1097454766419057,
        0.6032545606941824,
        0.5920265264265402,
        0.42784553489147725,
        0.7688454378187717,
        0.6421564239749181
    ],
    "rmse_per_fold": [
        0.5224537423335672,
        0.5457689385479255,
        0.5363596488087885,
        0.4413680185799317,
        0.7570662895133454,
        0.5582124260053245,
        0.5936703490327215,
        0.5500472286494715,
        0.39825144290755277,
        0.5135530396101959
    ],
    "mae_per_fold": [
        0.40399797981083435,
        0.4345270226468553,
        0.41273155344006796,
        0.362104159254943,
        0.5839000416306283,
        0.4496774054701024,
        0.4757706919086629,
        0.44761457464275944,
        0.32231374560806053,
        0.42904656801590657
    ],
    "maep_per_fold": [
        -102.79929038259998,
        -230.47689015712112,
        124.60008102615213,
        -78.03465845182387,
        544.0170778375202,
        -246.2222463632994,
        724.0916621628859,
        194.13561766533815,
        -84.74247339370123,
        124.18946063563081
    ],
    "mape_per_fold": [
        71.60375644021005,
        227.0475802352326,
        119.9239371291385,
        63.279811475734036,
        578.8694065730327,
        105.96030317868261,
        124.76223399333549,
        3079.10510097261,
        66.34748985434933,
        76.93607097059643
    ],
    "smape_per_fold": [
        64.1374618097562,
        80.39127830399624,
        84.15444103917325,
        70.72834226843104,
        106.69216638266941,
        84.25422612563351,
        94.02707304798794,
        99.24200551637476,
        68.53929978104792,
        77.25087575998269
    ],
    "test_name": "loadForecast",
    "name": [
        "DEMAND",
        "DEMAND",
        "DEMAND",
        "DEMAND",
        "DEMAND",
        "DEMAND",
        "DEMAND",
        "DEMAND",
        "DEMAND",
        "DEMAND"
    ],
    "model_name": [
        "SVR"
    ],
    "decomposition": "none",
    "nmodes": 6,
    "algorithm": "svr",
    "avg_r2train": 0.9933,
    "std_r2train": 0.0006,
    "avg_r2test": 0.5989,
    "std_r2test": 0.1763,
    "avg_r2testadj": 0.584,
    "std_r2testadj": 0.1828,
    "avg_rmse": 0.5417,
    "std_rmse": 0.0902,
    "avg_mae": 0.4322,
    "std_mae": 0.0661,
    "avg_maep": 96.8758,
    "std_maep": 305.3906,
    "avg_mape": 451.3836,
    "std_mape": 888.2953,
    "avg_smape": 82.9417,
    "std_smape": 13.0574,
    "model_params": {
        "C": 100,
        "cache_size": 200,
        "coef0": 1,
        "degree": 3,
        "epsilon": 0.1,
        "gamma": "auto",
        "kernel": "rbf",
        "max_iter": -1,
        "shrinking": false,
        "tol": 0.001,
        "verbose": false
    }
}