{
    "loss": "huber",
    "learning_rate": 0.0018773553677012675,
    "n_estimators": 4500,
    "subsample": 0.8,
    "criterion": "friedman_mse",
    "min_samples_split": 10,
    "min_weight_fraction_leaf": 0.15000000000000002,
    "max_depth": 48,
    "min_impurity_decrease": 0.05,
    "max_features": "auto",
    "alpha": 0.8500000000000001,
    "warm_start": false,
    "validation_fraction": 0.30000000000000004,
    "tol": 0.053163406309343,
    "ccp_alpha": 0,
    "random_state": 42
}